"way_fairer", "way_fairer"
"StickleyMan", "StickleyMan"
"Unidan", "Unidan"
"Iraniangenius", "Iraniangenius"
"_vargas_", "_vargas_"
"Jux_", "Jux_"
"RamsesThePigeon", "RamsesThePigeon"
"smeeee", "smeeee"
"bubblr", "bubblr"
"1Voice1Life", "1Voice1Life"
"NegativeBinomialM136", "NegativeBinomialM136"
"mepper", "mepper"
"JimKB", "JimKB"
